Главная;Индукционная петля;Пандусы;Паспорт доступности;Тактильные ленты;тактильный профиль ;Система вызова помощи;Поручни ;Держатели для костылей;Оборудование су;Тактильные мнемосхемы ;Тактильная плитка;;Тактильные пиктограммы;тактильные таблички с Брайля;
доступная среда магазин;звуковая петля для слабослышащих;пандус для инвалидов складной;паспорт доступности это;лента самоклеющаяся противоскользящая;накладка на лестницу;звонок для инвалидов;опорный поручень для раковины для инвалидов;держатель для костылей;оборудование туалета для инвалидов колясочников;тактильная мнемосхема для инвалидов;тактильная плитка с конусообразными рифами;;табличка кнопка вызова персонала для инвалидов;знак выхода из помещения;
технические средства реабилитации для слепых;звукоусиливающая аппаратура для инвалидов;;паспорт доступности для инвалидов;люминесцентная лента купить;уголок на ступеньки с резинкой;кнопка вызова;ограждение для инвалидов из нержавеющей стали;держатель для трости настенный;оборудование для туалета для инвалидов;тактильная мнемосхема санузла;плитка тактильная 300х300 желтая;;;таблички для кабинетов в школе;
Индоступ официальный сайт;звукоусиливающая аппаратура индукционные системы;пандус в подъезде для инвалидов;паспортизация объектов для инвалидов;лента противоскользящая;накладки против скольжения;мгн система;поручень для раковины мгн;крючки для костылей для инвалидов в санузлах;доступная среда туалеты для инвалидов;тактильная схема;плитка тактильная пвх 300х300 желтая купить;;табличка для вызова персонала для инвалидов;направление движения к эвакуационному выходу знак;
доступная среда купить;индуктивная петля;пандус в подъезд;паспорт доступная среда;контрастная полоса на ступенях;противоскользящие ступени;кнопка для инвалидов для вызова;поручни для инвалидов из нержавеющей стали на пандус;держатель крючок для костылей;санузел с душевой для мгн;мнемосхемы в том числе тактильные и звуковые предупреждающие указатели;тактильная плитка бетонная 300х300;;звонок табличка;выход табличка;
доступная среда оборудование для инвалидов;индукционная панель для слабослышащих;пандус для инвалидов откидной;паспорт доступности оси что это;лента для ступеней;резиновые ступени;кнопка вызова для инвалидов купить;поручень для раковины на стойках;крючок для костылей для инвалидов цена;модульный туалет для инвалидов;мнемосхема брайля;конусообразные рифы;;табличка кнопка вызова персонала;указатель аварийного выхода;
оборудование по программе доступная среда;индукционная петля для слабослышащих;аппарель пандус;срок действия паспорта доступности;фотолюминесцентная лента купить;алюминиевая накладка на ступень с резиновой вставкой;беспроводная кнопка вызова персонала;ограждения пандуса из нержавеющей стали;держатель для трости и костылей;;изготовление мнемосхем;тактильные плиты;;табличка кнопка вызова персонала для инвалидов;лифт табличка;
оснащение реабилитационного центра;индукционная петля для слабослышащих купить;пандус складной;паспортизация объектов социальной инфраструктуры;алюминиевая полоса с резиновой вставкой купить;накладки на ступени противоскользящие;кнопка для вызова персонала для инвалидов;поручень опорный для раковины;держатель для костылей травмобезопасный;туалет для маломобильных людей;тактильно звуковая мнемосхема для помещения купить;плитка тактильная бетонная 300х300х30 цена;;кнопка вызова для инвалидов табличка;таблички аварийный выход;
доступная среда ;индукционная петля для слабослышащих цена;бордюрный пандус для инвалидов;паспорт доступности объекта;флуоресцентная лента самоклеющаяся купить;накладка резиновая;кнопка для инвалидов;ограждение пандуса из нержавеющей стали цена за метр;крючок держатель для костылей и трости;санузел мнг;мнемосхема санузла для инвалидов цена;плитка тактильная 300х300 желтая купить;;знак кнопка вызова персонала для инвалидов картинка;вывеска брайля для доу;
доступная среда для инвалидов оборудование купить;индукционная петля и звукоусиливающая аппаратура для инвалидов цена;алюминиевые аппарели;паспорт доступности;светящиеся полосы;алюминиевая накладка;беспроводная система;поручни перила для самоподнимания угловые для инвалидов;травмобезопасный крючок держатель для костылей;туалет для инвалидов план;мнемосхема;тактильные указатели;;звонок табличка;информационно тактильный знак;
инвентарь для инвалидов;индукционная петля купить;аппарель для мгн;;люминесцентный скотч;уголок противоскользящий на ступени с резиновой вставкой;радиокнопка вызова персонала;перила для пандуса для инвалидов;универсальный держатель для трости и костылей;оборудование для мгн в санузлах;мнемосхема для инвалидов гост;;;знак звонок для инвалидов;вывеска школа;
товары для людей с ограниченными возможностями;индукционная система;аппарель для инвалидов;;светящийся скотч;уголок на ступени с резиновой вставкой;радиокнопка вызова;ограждения для инвалидов;держатель для костылей для инвалидов;;мнемосхема помещения;тактильная плитка;;табличка кнопка вызова персонала;;
оборудование для маломобильных граждан;индукционная система для инвалидов;пандус откидной;разработка паспорта доступности;алюминиевая противоскользящая полоса;накладки на ступени;кнопка вызова помощи;поручень для раковины;держатель для костылей настенный;оборудование для ванной для инвалидов;;тактильная плитка 300х300х50 желтая цена;;табличка кнопка вызова;значки эвакуации;
устройства для инвалидов;индукционная система для слабослышащих;аппарель для инвалидов купить;срок действия паспорта доступности;лента люминесцентная самоклеющаяся;профиль на ступени с резиновой вставкой;беспроводной звонок для инвалидов;ограждение пандуса для инвалидов;купить держатель для костылей;универсальный санузел;мнемосхема окоф;тактильная плитка для инвалидов купить;;знак для инвалидов кнопка вызова;таблички для школы;
оборудование для людей с ограниченными возможностями;индукционная система для слабослышащих цена;откидной пандус в подъезде для колясок;кто делает паспорт доступности для инвалидов объекта;противоскользящая лента на ступени;купить накладки на ступени;кнопка вызова для инвалидов уличная;поручень для раковины для инвалидов цена;травмобезопасный держатель трости и костылей;;тактильная мнемосхема для инвалидов цена;самоклеющаяся тактильная плитка;;табличка вызова персонала для инвалидов купить;табличка направление к эвакуационному выходу;
приспособления для инвалидов колясочников;индукционная система исток;аппарели алюминиевые купить;паспорт доступная среда;фотолюминесцентная лента;профиль с резиновой вставкой;кнопка беспроводная;поручни для инвалидов в туалет напольные;крючок держатель для костылей и одежды;;мнемосхема тактильная;напольный указатель;;табличка кнопка вызова;детский сад вывеска;
обеспечение доступности;индукционная система переносная;пандусы для инвалидов складные на лестничный марш купить;паспортизация доступности объектов для инвалидов;полоса противоскользящая;антискользящие накладки;кнопка вызова со шнуром;поручень откидной для инвалидов;универсальный травмобезопасный держатель для трости и костылей;;;полиуретановая плитка;;;пиктограмма эвакуационный выход;
доступная среда оборудование;индукционное оборудование для инвалидов;пандусы для инвалидов складные на лестничный;срок действия паспорта доступности объекта социальной инфраструктуры;наклейки противоскользящие;нескользящие ступени;кнопка вызова уличная;поручень для раковины напольно настенный;;;мнемосхема тактильная окпд 2;тактильная плитка 300х300;;знак звонок для инвалидов;;
интернет магазин доступная среда;индукционное оборудование для слабослышащих;купить пандус откидной;мнг инвалиды;страна лент;накладки резиновые на ступени;кнопка вызова персонала для инвалидов купить;поручни для раковины для инвалидов купить;;;мнемосхема со шрифтом брайля;тактильная плитка для слабовидящих;;знак для инвалидов кнопка вызова;табличка детский сад;
товары для слепых и слабовидящих;индукционные петли для инвалидов;подъемные платформы аппарели;;лента эвакуационная фотолюминесцентная;алюминиевый профиль с резиновой вставкой для ступеней;система вызова персонала купить;ограждение для мгн;;;мнемосхема для мгн;тактильная плитка внимание;;табличка вызова персонала для инвалидов купить;купить табличку выход;
приспособления для слепых людей;индукционные петли для инвалидов цена;пандус для колясок в подъезде;паспорт доступности для инвалидов срок действия;алюминиевая полоса с резиновой вставкой;противоскользящие накладки;система вызова персонала;поручень для раковины для инвалидов;;универсальный санузел для мгн;тактильно звуковая мнемосхема для помещения;тактильная плитка 300х300х30 желтая цена;;табличка вызов персонала;таблички на кабинеты в детском саду;
оснащение школ по 804 приказу;индукционные петли и звукоусиливающая аппаратура;;паспортизация доступности объектов для инвалидов;светящаяся изолента;алюминиево резиновые накладки на ступени;беспроводная кнопка вызова помощи;перила из нержавеющей трубы;;су для инвалидов;;тактильная плитка для инвалидов;;звонок для инвалидов табличка;брайля табличка;
устройства для слабовидящих;индукционные петли и звукоусиливающая аппаратура для инвалидов;;паспорт доступности объекта для инвалидов;лента фосфорная самоклеющаяся;противоскользящие;вызов персонала;перила для пандуса из нержавеющей стали;;оборудование санузла для инвалидов;мнемосхема санузла для инвалидов;тактильная плитка 300х300х30;;наклейка кнопка вызова для инвалидов;тактильные материалы;
товары для незрячих людей;информационная индукционная система;аппарель откидная;как сделать паспорт доступности для инвалидов;лента самоклеющаяся противоскользящая для ступеней;на ступеньки накладки;кнопка вызова для мгн;откидной поручень;;;изготовление мнемосхем;тактильная плитка с продольными рифами;;наклейка звонок для инвалидов;тактильные знаки;
оснащение для детских садов;информационная система исток;пандус алюминиевый;разработка паспорта доступности;люминесцентная лента;профиль противоскользящий для ступеней;беспроводная кнопка вызова;ограждение пандуса;;санузел для мгн;мнемосхема для инвалидов;тактильные напольные указатели;;табличка вызов персонала;тактильные знаки для инвалидов;
оснащение школ и детских садов;исток а5 портативная информационная индукционная система для слабослышащих;;;самоклеющаяся полоса;накладка на ступени противоскользящие резиновые;беспроводная кнопка вызова для инвалидов;поручень откидной напольный;;умывальник для мгн;;тактильная плитка полиуретановая 300х300 цена;;тактильные таблички;тактильные знаки для инвалидов купить;
проектировщик доступной среды;настенная информационная система для слабослышащих исток м1;пандусы алюминиевые купить;паспорт доступности для инвалидов срок действия;лента светящаяся в темноте;алюминиевые накладки на ступени;беспроводная система вызова;поручни на пандусе;;мгн туалет;мнемосхема для инвалидов цена;тактильные напольные указатели для инвалидов;;кнопка вызова для инвалидов табличка;знак выход для инвалидов на кресле коляске;
все для инвалидов;окоф индукционная система для слабослышащих;откидной пандус в подъезде;паспорт инвалида;лента для лестницы;ступени антискользящие;антивандальная кнопка вызова;поручень для раковины настенного крепления;;;тактильная схема мнемосхема;тактильная плитка пвх;;звонок для инвалидов табличка;таблички со шрифтом брайля;
магазин для инвалидов;петля индукционная;аппарели;паспортизация объектов для инвалидов;клейкая лента светоотражающая;алюминиевый профиль с резиновой вставкой;кнопка вызова персонала купить;перила для пандуса;;ванная комната для инвалидов;мнемосхема купить;указатели напольные информационные;;табличка для вызова персонала для инвалидов;таблички для слепых;
для инвалидов товары;портативная индукционная система;пандусы для инвалидов складные на лестничный марш;зона целевого назначения здания целевого посещения объекта это;лента противоскользящая купить;купить резиновые накладки;система вызова помощника;поручень для инвалидов для раковины верхний;;;план эвакуации для слепых;тактильная плитка цена за 1 м2;;табличка звонок для инвалидов по госту;таблички для слабовидящих;
оборудование для мгн;портативная индукционная система для слабослышащих;пандус алюминиевый откидной;;наклейки антискользящие;накладки для ступеней лестницы;кнопка помощи для инвалидов;поручень для унитаза откидной;;раковина для мгн;;тактильная плитка из полиуретана;;;тактильная вывеска;
оборудование для инвалидов купить;портативная индукционная система исток;откидной пандус в подъезде для колясок цена;;наклейки на ступени;нескользящие накладки;;поручень настенный откидной для инвалидов;;;;тактильные наземные указатели для инвалидов;;знаки мгн;таблички брайля купить;
оборудование для маломобильных групп населения;портативная информационная индукционная система;откидной пандус для инвалидов купить;срок действия паспорта доступности;лента антискользящая;противоскользящие накладки на ступени купить;;перила на кровать;;раковина для инвалидов;;полиуретановая тактильная плитка;;знак кнопка вызова персонала для инвалидов картинка;тактильная табличка со шрифтом брайля;
продукция для инвалидов;портативная информационная индукционная система для слабослышащих;спуск для колясок в подъезде;;антискользящие ленты;противоскользящие ступени для улицы;кнопка вызова помощи для инвалидов;поручень настенный откидной;;умывальник для инвалидов;;тактильные плиты для инвалидов;;инвалид табличка;таблички брайля для доступной среды;
подъезд для инвалидов;прибор индукционной системы;;;фотолюминесцентная лента для путей эвакуации;алюминиевый уголок с резиновой вставкой на ступени;;пандус из нержавейки;;туалет для маломобильных групп населения;мнемосхема санузла;тактильное покрытие для инвалидов;;табличка звонок для инвалидов по госту;заказать таблички брайля;
безбарьерная среда;индукционная портативная система мини;пандус откидной для инвалидов на лестничной клетке;;лента противоскользящая самоклеющаяся купить;резиновые ступеньки;кнопка вызова для инвалидов уличная купить;поручень откидной на стойке;;раковина для инвалидов купить;;тактильная плитка 500 500;;таблички для комнаты;изготовление табличек брайля;
безбарьерная образовательная среда;;откидной пандус для инвалидов в подъезде;;клейкая противоскользящая лента;накладки противоскользящие на ступени для улицы;вызывная панель мгн;откидной поручень для инвалидов в туалет;;;;плитка полиуретановая для пола;;табличка для оборудования;шрифт брайля купить таблички;
создание безбарьерной среды;;установка пандуса для инвалидов цена;;купить противоскользящую ленту для ступеней;противоскользящие резиновые накладки;система вызова помощи для инвалидов;поручень откидной для инвалидов в санузел;;раковина для людей с ограниченными возможностями;;тротуарная тактильная плитка;;обозначения для инвалидов;табличка брайля для школы;
организация безбарьерной среды;;пандус для инвалидов купить в спб;;антискользящие наклейки;накладки на уличные ступени;антивандальная кнопка вызова для инвалидов;поручень откидной для инвалидов в санузел цена;;раковина для колясочников;;тактильная плитка на тротуарах;;указатели для инвалидов;вывеска со шрифтом брайля;
безбарьерная среда для инвалидов;;пандус откидной для инвалидов на лестничной клетке цена;;противоскользящие ленты на ступени самоклеющиеся купить;накладки на ступени уличные купить;звонок для инвалидов беспроводной;откидывающаяся опора для рук;;раковина для инвалидов размеры;;тактильная плитка для слепых;;тактильные таблички для инвалидов;табличка брайля для слабовидящих;
безбарьерная среда для овз;;пандус для колясок в подъезде откидной купить;;противоскользящие полоски;для ступеней антискользящие накладки;беспроводная система вызова для инвалидов;откидной поручень для инвалидов в туалет цена;;раковины для инвалидов колясочников;;жёлтая тактильная плитка;;таблички для мгн;тактильные таблички с шрифтом брайля цена;
условия безбарьерной среды;;откидные пандусы для инвалидных колясок в подъезде;;нескользящие наклейки;уголок резиновый для ступеней;беспроводная кнопка вызова персонала для инвалидов;поручни перила для самоподнимания прямые;;;;желтая плитка для инвалидов;;;таблички брайля для доступной среды цена;
особенности безбарьерной среды;;изготовление пандуса для инвалидов цена;;полосы противоскользящие на ступени;накладки на ступени деревянной лестницы;кнопка звонок для инвалидов;поручни для самоподнимания прямые линейные для инвалидов;;раковина для мгн размеры;;тактильная плитка для инвалидов желтая купить;;табличка инвалид купить;табличка брайля для детского сада;
безбарьерная инклюзивная среда;;пандус для инвалидов складной в подъезде;;нескользящая лента;накладки на ступени противоскользящие уличные;тревожная кнопка для инвалидов;;;;;дорожки для слепых;;знак для слабовидящих;изготовление табличек с шрифтом брайля;
безбарьерная среда доступная среда;;складной пандус для инвалидов колясочников в подъезде;;лента противоскольжения;антискользящие накладки на ступени;беспроводная система вызова персонала для инвалидов;;;;;тактильная плитка бетон;;табличка с пиктограммой инвалид;;
безбарьерная среда в школе;;откидной пандус для детских колясок;;наклейки на ступеньки;купить противоскользящее покрытие на ступени крыльца;звонок для вызова персонала инвалидами;;;;;желтые дорожки для слепых;;тактильные таблички купить;табличка брайля для слабовидящих цена;
особенности безбарьерной образовательной среды;;купить откидной пандус для инвалидов в подъезд;;наклейки противоскользящие на ступени;уголок противоскользящий на ступени;система вызова персонала для инвалидов купить;поручень;;умывальник керамический гост 30493 96 цена;;;;знаки для инвалидов в зданиях;таблица брайля для инвалидов;
особенности организации безбарьерной образовательной среды;;изготовление пандуса из металла цена;;абразивная противоскользящая лента;антискользящее покрытие на ступени;кнопка вызова персонала для мгн;поручни для инвалидов;;с у для инвалидов;;;;;табличка со шрифтом брайля цена;
обеспечение безбарьерной среды;;;;лента резиновая противоскользящая;накладки на ступени противоскользящие уличные купить;звонок для инвалидов беспроводной купить;поручни для унитаза;;с у мгн;;;;комплексная тактильная табличка;изготовление тактильных табличек;
безбарьерная среда в образовании;;откидная аппарель для инвалидов;;антискользящая лента для ступеней;противоскользящая резина;дистанционная тревожная кнопка;поручни для туалета;;с у для мгн;;;;знак пандуса;табличка шрифтом брайля тактильные таблички купить;
формирования безбарьерной среды;;откидные пандусы для лестничных площадок;;лента для лестницы противоскользящая;накладки на лестницу противоскользящие;система вызова помощника для инвалидов;пристенный поручень;;;;;;инвалидная табличка;тактильная вывеска со шрифтом брайля;
безбарьерной архитектурной среды;;раскладной пандус для инвалидов колясочников;;антискользящие полоски;резина на ступени;кнопка вызова для инвалидов уличная беспроводная;настенный поручень;;су для мгн;;;;знаки для инвалидов в школе;таблички для слабовидящих с шрифтом брайля;
создание безбарьерной образовательной среды;;пандус стационарный;;противоскользящая лента на ступени для улицы;купить резиновые накладки на ступени;кнопка вызова сотрудника для инвалидов;поручни для пожилых;;сантехника для инвалидов;;;;купить тактильные таблички для инвалидов;таблички со шрифтом брайля заказать;
универсальная безбарьерная среда;;;;противоскользящие полоски на ступени;накладки противоскольжения;звонок для маломобильных групп населения;поручни для инвалидов купить;;оборудование санузла для инвалидов колясочников;;;;информационные таблички для инвалидов;таблица брайля купить;
создание безбарьерной среды для инвалидов;;пандус металлический купить;;противоскользящая самоклеющаяся полоса;на лестницу против скольжения;;поручень опорный;;сантехника для инвалидов купить;;;;знак вход для инвалидов;тактильная вывеска с названием учреждения шрифтом брайля;
реализация безбарьерной среды;;пандус из нержавеющей стали цена;;купить антискользящую ленту на ступени;угол противоскользящий для ступеней;;поручень для ванной для пожилых;;локтевой смеситель;;;;значок мгн;изготовление табличек для слепых;
объекты безбарьерной среды;;пандус стационарный металлический;;резинки для лестницы от скольжения;резиновые накладки на лестницу;звонок для лежачих больных дома;ручки для ванной для пожилых;;смеситель для раковины локтевой;;;;знак доступности для мгн;таблички для слепых по брайлю цена;
безбарьерная среда в образовательной организации;;пандус 3 х секционный;;наклейки на плитку противоскользящие;коврик для ступенек лестницы;окпд 2 кнопка вызова персонала для инвалидов;ручки в ванную для пожилых;;смеситель локтевой для мойки;;;;информационные таблички для инвалидов ;изготовление тактильных табличек со шрифтом брайля;
средства безбарьерной среды;;пандус телескопический двухсекционный;;полоса противоскольжения;антискользящие материалы;звонок для инвалидов беспроводной уличный;поручни мгн;;локтевой смеситель купить;;;;ударопрочный иконка;табличка для слепых со шрифтом брайля на фасад;
условия организации безбарьерной среды;;пандус;;антискользящая полоса на ступени;резиновый профиль для ступеней;система вызова помощи;поручень напольный;;локтевой кран;;;;знаки для маломобильных групп населения и инвалидов;заказать тактильную табличку брайля на учреждение;
создана безбарьерная среда;;пандус для инвалидов;;антискользящий скотч;резиновые накладки на ступени противоскользящие купить;система вызова для инвалидов;ручки для ванной для пожилых людей;;смеситель для мгн;;;;таблички для инвалидов для общественных зданий;вывеска со шрифтом брайля цена;
безбарьерная городская среда;;пандус купить;;антискользящая лента для ступеней самоклеющийся;;система вызова персонала для инвалидов;перила для инвалидов;;кран для мытья рук;;;;информационные таблички для инвалидов ;изготовление табличек для слабовидящих;
безбарьерная среда в инклюзивном образовании;;пандус для колясок;;полоса против скольжения;накладка на ступени лестницы в доме;комплект вызова персонала для инвалидов;поручни для инвалидов цена;;смеситель хирургический локтевой на раковину;;;;тактильная пиктограмма;таблицы брайля для слабовидящих цена;
элементы безбарьерной среды;;;;лента на ступеньки против скольжения;резиновые пороги на ступени;кнопка вызова доступная среда;поручни из нержавеющей стали для инвалидов;;смеситель для инвалидов;;;;инвалид пиктограмма;информационно тактильный знак вывеска со шрифтом брайля;
оборудование безбарьерной среды;;пандус на лестнице;;противоскользящий скотч;резинки против скольжения;кнопка вызова для маломобильных групп населения;настенный поручень для инвалидов;;;;;;знак доступности для инвалидов;вывеска для инвалидов со шрифтом брайля;
безбарьерная среда жизнедеятельности инвалидов;;инвалидный пандус;;антискользящая лента на плитку;накладки на деревянные ступени противоскользящие;система вызова помощи для инвалидов купить;поручни из нержавеющей стали купить;;смеситель с локтевым управлением;;;;тактильная пиктограмма для инвалидов;;
безбарьерная среда для маломобильных групп населения;;пандус для мгн;;антискользящие полоски на ступени;накладки на деревянные ступени лестницы в доме;доступная среда кнопка вызова персонала для инвалидов;поручень в ванную на стену купить;;смеситель локтевой рукояткой;;;;пиктограмма мгн;;
безбарьерная среда относится;;пандус для инвалидов купить;;антискользящие полоски на плитку;купить антискользящие накладки на ступени;кнопка вызова медперсонала;поручень aisi 304;;смеситель для раковины для инвалидов;;;;тактильная пиктограмма доступности;;
безбарьерная среда пандусы;;пандус цена;;резина противоскользящая самоклеющаяся;противоскользящие накладки на ступени леруа мерлен;кнопка вызова медсестры;поручни из нержавейки купить;;локтевой смеситель для раковины купить;;;;визуальные средства информации для инвалидов;;
создание безбарьерной среды в школе;;;;противоскользящая лента цена;антискользящая резина;пульт вызова медсестры;купить поручень для ванны для пожилых людей;;локтевой кран на раковину;;;;указатели направления движения для инвалидов;;
доступная среда;;пандус для маломобильных;;нескользящая лента для ступенек;резиновые проступи на ступени;кнопка вызова медперсонала проводная;пристенный поручень для лестницы;;;;;;пиктограмма купить;;
доступная среда для инвалидов;;пандус для инвалидных колясок;;наклейки на плитку от скольжения;противоскользящие накладки на ступени деревянной лестницы;система вызова пациента;поручни для лежачих больных;;;;;;пиктограмма доступность для инвалидов всех категорий;;
программа доступная среда;;изготовление пандусов;;противоскользящая лента на ступеньки;резина для лестницы;система вызова пациента в кабинет врача;поручни для инвалидов на кровать;;унитаз для инвалидов;;;;знак инвалид гост;;
государственная программа доступная среда;;;;полоски на ступеньки противоскользящие;накладки на ступеньки противоскользящие;;инвалидный поручень;;туалет для инвалидов купить;;;;табличка вызов персонала для инвалидов гост;;
сайт доступная среда;;пандус для маломобильных групп населения;;нескользящие полоски на ступени;резиновый уголок для плитки;;настенный поручень из нержавеющей стали;;;;;;;;
организация доступной среды;;пандус для инвалидов цена;;лента противоскольжения для ступеней самоклеющийся;противоскользящие накладки на ступени для улицы купить;;поручни для инвалидов из нержавеющей стали цена;;купить унитаз для инвалидов;;;;;;
создание доступной среды;;спуск для инвалидов;;противоскользящая полоса на самоклеящейся основе;накладка на ступеньки лестницы;;опорные поручни для инвалидов;;туалет инвалидный;;;;;;
доступная среда официальный;;пандус из металла;;резиновые полоски на ступеньки;резиновые ступеньки для лестницы;;поручни медицинские;;унитаз для мгн;;;;;;
доступная среда официальный сайт;;пандус для колясок купить;;наклейки на лестницу против скольжения;противоскользящая накладка на ступени с резиновой вставкой;;поручень напольный для инвалидов;;туалет для инвалидов фото;;;;;;
доступная образовательная среда;;порог для инвалидов;;где купить противоскользящую ленту на ступени;резиновые накладки на ступеньки;;поручень напольно настенный;;унитаз для людей с ограниченными возможностями;;;;;;
обеспечение доступной среды;;пандус складной купить;;лента на ступеньки против скольжения самоклеющаяся;нескользящие накладки на ступени;;поручень для кровати для лежачих больных;;унитаз для инвалидов цена;;;;;;
доступная среда рф;;пандус стоимость;;полоски противоскользящие самоклеющиеся;антискользящее покрытие на ступени на улицу;;поручни для инвалидов размеры;;туалет для людей с ограниченными возможностями;;;;;;
доступная окружающая среда;;пандус подъемный;;противоскользящая лента на ступени самоклеющиеся купить в леруа мерлен;резиновые накладки на ступени лестницы;;поручни на стену для инвалидов;;унитаз для инвалидов купить в москве;;;;;;
развитие доступной среды;;для коляски на лестнице в подъезде;;противоскользящая лента самоклеющаяся для ступеней купить в спб;антискользящее покрытие для лестницы;;ручка на стену в ванной для пожилого;;инвалидный унитаз;;;;;;
доступная социальная среда;;инвентарный пандус;;полоски противоскользящие самоклеющиеся на плитку;накладки на ступени противоскользящие для дома;;держатель в ванную для пожилых;;;;;;;;
реализация доступная среда;;лестница для инвалидов колясочников;;наклейки на ступеньки против скольжения;противоскользящие накладки на ступени купить в спб;;поручни для инвалидов фото;;;;;;;;
доступная среда оборудование;;;;антискользящие полоски на ступеньки;антискользящие накладки на ступени купить;;купить поручни для инвалидов в москве;;унитаз для инвалидов с поручнями цена;;;;;;
проект доступная среда;;крыльцо для инвалидов;;противоскользящая лента самоклеющаяся для ступеней купить в москве;купить антискользящее покрытие для ступеней на улице;;пристенный поручень для лестницы купить;;;;;;;;
российской федерации доступная среда;;;;антискользящая лента для ступеней на улице;;;установить поручень для инвалидов;;;;;;;;
объекты доступной среды;;;;лента тактильная;антискользящие покрытия на ступени на улицу;;крепление поручней для инвалидов;;купить высокий унитаз для инвалидов;;;;;;
доступная среда требования;;;;направляющая тактильная лента;резина для ступеней лестницы;;поручни для инвалидов екатеринбург;;унитаз для инвалидов с высокой чашей;;;;;;
формирование доступной среды;;;;тактильная полоса для инвалидов;антискользящие покрытия на ступени на улицу купить;;пристенные поручни для инвалидов;;;;;;;;
доступная среда возможности;;пандус для инвалидов на лестницу;;тактильная направляющая полоса;уличный коврик для крыльца;;поручень для инвалидов настенный из нержавеющей стали;;унитаз для мгн купить;;;;;;
доступная среда постановление правительства;;сколько стоит пандус;;тактильная лента для инвалидов желтая;для ступенек противоскольжения;;прикроватный поручень для инвалидов;;;;;;;;
условия доступной среды;;пандус для инвалидов фото;;желтая лента на ступени для слабовидящих;накладки для ступеней лестницы на улице;;перила для мгн;;;;;;;;
российская программа доступная среда;;заказать пандус;;лента тактильная направляющая самоклеящаяся;противоскользящие накладки на плитку на улице;;поручни для инвалидов из нержавеющей стали в туалет;;;;;;;;
программа российской федерации доступная среда;;купить пандус для инвалидной коляски;;тактильная лента для инвалидов желтая купить;противоскользящее покрытие для ступеней лестницы на улице купить;;держатель в ванную для пожилых людей;;унитаз для мгн в комплекте с поручнями;;;;;;
доступная среда овз;;изготовление пандусов для инвалидов;;лента на ступени для слабовидящих;;;порчень;;купить унитаз для инвалидов с поручнями в спб;;;;;;
реализация программы доступная среда;;;;лента желтая самоклеющаяся для слабовидящих;накладка на лестницу против скольжения;;поручни гост;;;;;;;;
государственной программы российской федерации доступная среда;;;;тактильные полосы для инвалидов в помещении;;;поручень нержавеющая сталь;;;;;;;;
доступная среда 2026;;пантус для инвалидов;;тактильная полоса для инвалидов внутри здания;резинка на ступени противоскользящие;;поручни из нержавейки;;унитаз для инвалидов с поручнями фото;;;;;;
мероприятие доступная среда;;пандусы медицинские;;контрастная маркировка ступеней;уголок для ступеней лестницы резиновый;;поручень настенный для инвалидов цена;;зеркало для индивидуальных занятий;;;;;;
инклюзивная среда доступная среда;;;;контрастные полосы;угловая алюминиевая противоскользящая накладка на ступени с резиновой вставкой;;опора в ванную для пожилых;;;;;;;;
программа доступная среда годы;;пандус для колясок в подъезде купить;;подъезд для инвалидов;купить антискользин для плитки;;ручка на стену в ванной для пожилого человека;;;;;;;;
доступная среда дети инвалиды;;стационарный пандус для инвалидов;;контрастная маркировка ступеней;противоскользящие накладки на ступени самоклеющиеся купить;;держатели в ванную комнату для пожилых;;;;;;;;
программа доступная среда для инвалидов;;;;желтые ленты для слабовидящих;противоскользящие накладки на ступени для улицы под плитку;;ручка настенная для опоры в ванной;;;;;;;;
доступная среда для маломобильных;;;;контрастная лента для маркировки ступеней;противоскользящие накладки на ступени цена;;поручень для инвалидов в санузел настенный;;;;;;;;
цель доступной среды;;;;разметка для слабовидящих;резиновые коврики для ступеней лестницы на улице купить;;перила для ванной для пожилых;;;;;;;;
постановление правительства рф доступная среда;;;;круг для контрастной маркировки дверных проемов;проступь резиновая противоскользящая купить;;поручень пжо;;;;;;;;
доступная среда маломобильные группы;;;;желтая лента на ступени для слабовидящих купить;купить противоскользящие накладки на ступени для улицы в леруа мерлен;;поручни уп 72;;;;;;;;
программа правительства рф доступная среда;;;;желтые полоски на лестницах для слабовидящих;накладки на ступени противоскользящие уличные купить в леруа мерлен;;;;;;;;;;
государственная программа правительства рф доступная среда;;рельсы для инвалидных колясок;;желтые полоски на ступеньки для инвалидов;проступи для лестниц резиновые;;купить ручку для ванной настенная для инвалидов;;;;;;;;
доступная среда жизни;;;;желтые полосы на ступени для слабовидящих;антискользящие наклейки на ступени;;перила для инвалидов из нержавеющей стали цена;;;;;;;;
организация доступной образовательной среды;;пандус для инвалидов купить в москве;;контрастная маркировка ступеней для инвалидов;резиновый коврик на ступени лестницы на улице;;поручни для пандуса для инвалидов купить;;;;;;;;
сайт доступная среда для инвалидов;;;;контрастная маркировка ступеней лестничного марша;антискользящие накладки на ступени купить в спб;;единичные опорные поручни;;;;;;;;
доступная городская среда;;производство пандусов для инвалидов;;контрастные полосы для инвалидов на ступенях;резиновая накладка на ступени противоскользящие купить леруа мерлен;;поручни для стен для инвалидов по коридорам;;;;;;;;
доступная среда в школе;;;;обозначение ступеней желтой полосой;прозрачные накладки на ступени;;купить поручни для инвалидов в санузлах в москве;;;;;;;;
доступная среда россия;;;;;уголок прорезиненный на ступени;;производство поручней для инвалидов;;;;;;;;
доступная среда с ограниченными возможностями;;сделать пандус для инвалидов цена;;;резина на ступеньки противоскользящая;;ухваты инвалидные;;;;;;;;
доступная среда в учреждении;;изготовление пандусов для колясок;;;на ступени против скольжения на улице;;опорные поручни для инвалидов в санузлах;;;;;;;;
доступная среда для инвалидов официальный;;;;;профиль антискользящий с резиновыми вставками;;поручни для инвалидов из нержавеющей стали в ванную комнату и туалет;;;;;;;;
доступная среда является;;;;;;;;;;;;;;;
доступная среда 2025;;купить пандус для инвалидной коляски для частного дома;;;резина на ступени антискользящие;;поручень для душа;;;;;;;;
доступна ли среда;;металл для пандуса рифленый;;;накладки на лестничные ступени;;поручень для душевой кабины;;;;;;;;
доступная среда для инвалидов официальный сайт;;пандус для инвалидных колясок эконом;;;пороги для ступеней резиновые противоскользящие;;поручни для душевой кабины для пожилых;;;;;;;;
обеспечение инвалидов доступной среды;;;;;резинки на ступени лестницы против скольжения;;;;;;;;;;
система доступная среда;;подъем для колясок;;;резиновые накладки на ступени противоскользящие купить леруа;;поручень для ванны;;;;;;;;
нарушения доступной среды;;спуск для колясок;;;резиновые накладки на ступени противоскользящие купить в спб;;;;;;;;;;
доступная среда здоровье;;пандус для детских колясок;;;антискользящие накладки на плитку;;поручень для ванны купить;;;;;;;;
табличка доступная среда;;рельсы для колясок;;;антискользящие полоски на ступени на улицу;;поручни в туалет для инвалидов;;;;;;;;
утверждена программа доступная среда;;;;;антискользящие коврики на ступени на улицу;;поручень для ванны для пожилых;;;;;;;;
паспорт доступной среды;;полозья для коляски на лестницу;;;антискольжение для ступеней;;поручни для ванной комнаты;;;;;;;;
организация доступной среды для инвалидов;;аппарель для колясок;;;резиновое противоскользящее покрытие для ступеней лестницы;;поручни в ванную для пожилых;;;;;;;;
доступная среда жизнедеятельности;;купить пандус для детских колясок;;;резиновые накладки на ступени противоскользящие купить в москве;;поручень для санузла;;;;;;;;
город доступная среда;;рельсы для колясок на ступеньки;;;наклейки на ступени противоскользящие деревянной лестницы;;поручень для унитаза для инвалидов;;;;;;;;
купить доступную среду;;пандус для детских колясок в подъезде;;;противоскользящие накладки на колеса;;поручни для ванной для пожилых людей;;;;;;;;
государственная программа доступная среда утверждена;;пандусы для колясок в жилых домах;;;противоскользящая резина на ступени;;поручни для ванны для инвалидов;;;;;;;;
доступная среда информация;;пандус в подъезде жилого дома для колясок;;;защита ступеней от скольжения;;;;;;;;;;
госпрограмма доступная среда;;подъемник для колясок в подъезде;;;анти скольжение ступеней;;поручни для туалета для инвалидов купить;;;;;;;;
помощь инвалидам доступная среда;;пандус книжка;;;резиновые уголки на ступени лестницы купить;;поручни в ванную для пожилых людей;;;;;;;;
формирование доступной среды для инвалидов;;пандус книжка складной;;;накладки на крыльцо против скольжения;;поручни для инвалидов в ванную;;;;;;;;
качество доступной среды;;;;;резинка для ступеней под плитку;;поручень для инвалидов в санузел;;;;;;;;
создание доступной среды для инвалидов;;;;;порожек для ступеней с резиновой вставкой;;поручни для ванны для пожилых людей;;;;;;;;
развитие доступной среды для инвалидов;;пандусы для инвалидов колясочников;;;накладки на ступеньки деревянной лестницы;;поручни для ванной для пожилых людей купить;;;;;;;;
об утверждении программы доступная среда;;пандус переносной;;;резиновый уголок для ступеней под плитку;;поручни для инвалидов в ванную и туалет;;;;;;;;
доступная среда для инвалидов ответы;;мобильный пандус;;;резиновые накладки на ступеньки против скольжения;;опора для туалета;;;;;;;;
центр доступная среда;;переносной пандус для инвалидов;;;проступь резиновая на ступени купить;;поручни для унитаза для инвалидов купить;;;;;;;;
доступная среда 2019;;пандус для инвалидов складной купить;;;накладки на ступени деревянной лестницы купить в спб;;поручни в туалет для пожилых;;;;;;;;
социальная программа доступная среда;;передвижной пандус;;;купить резиновые накладки на ступени крыльца;;ручка для инвалидов в туалет;;;;;;;;
группы инвалидов доступная среда;;мини пандус;;;где купить резиновые коврики на ступеньки уличные от скольжения;;опорные поручни для ванной;;;;;;;;
доступная среда жизнедеятельности инвалидов;;;;;полосы противоскольжения на ступени;;держатель для туалета для инвалидов и пожилых людей;;;;;;;;
доступная среда для маломобильного населения;;складной пандус для инвалидов колясочников;;;защита от скольжения на ступеньки;;опорный поручень для туалета;;;;;;;;
доступная среда для маломобильных групп населения;;мобильный пандус для инвалидов;;;резиновое покрытие на ступеньки уличные от скольжения;;купить поручни для инвалидов в ванную и туалет;;;;;;;;
поддержка доступная среда;;пандус переносной для инвалидов цена;;;;;поручни для туалета для пожилых людей;;;;;;;;
доступная среда обеспечивает;;переносной пандус для инвалидов колясочников;;;;;поручень для унитаза для инвалидов и пожилых людей;;;;;;;;
доступная среда пандус;;заказать пандус для инвалидов;;;;;опора в туалет для инвалидов;;;;;;;;
материально техническое обеспечение доступная среда;;пандус мобильный складной;;;;;поручни для мгн в санузлах;;;;;;;;
средства доступной среды;;мобильный пандус для инвалидов купить;;;;;поручень для инвалидов в санузел купить;;;;;;;;
доступная среда спб;;переносной пандус для инвалидов купить;;;;;поручни для инвалидов в санузлах цена;;;;;;;;
федеральная программа доступная среда;;купить пандус для инвалидной коляски переносной;;;;;опора для унитаза для инвалидов;;;;;;;;
об утверждении государственной программы доступная среда;;пандус для инвалидов складной переносной;;;;;держатель для инвалидов в туалете;;;;;;;;
реализация государственной программы доступная среда;;рампа передвижная для инвалидов;;;;;поручни для инвалидов в туалет купить в москве;;;;;;;;
создание доступной образовательной среды;;;;;;;держатель для ванны для инвалидов;;;;;;;;
безбарьерная среда доступная среда;;пандус на порог двери;;;;;поручень для туалета для инвалидов и пожилых людей;;;;;;;;
магазин доступная среда;;приставной пандус для порога;;;;;ручка держатель для ванной для пенсионеров;;;;;;;;
реабилитация доступная среда;;пандус рампа;;;;;ручка в ванную на стену для инвалидов;;;;;;;;
доступная информационная среда;;рампа для инвалидов;;;;;поручни для инвалидов в туалет купить в спб;;;;;;;;
задачи доступная среда;;рампа пандус для инвалидной коляски;;;;;поручни для инвалидов в ванную и туалет в спб;;;;;;;;
доступная развивающая предметно пространственная среда;;пандус для магазина;;;;;держатель для ванной комнаты на стену для пожилых людей;;;;;;;;
доступная среда на транспорте;;пандус для порога;;;;;ручки для инвалидов в ванную и туалет;;;;;;;;
уровни доступной среды;;перекатной пандус для инвалидов;;;;;купить ручку в туалет для инвалидов;;;;;;;;
доступная среда москва;;перекатной пандус для порога;;;;;купить поручень для ванной для инвалидов и пожилых людей;;;;;;;;
доступная среда здания;;;;;;;приспособления для инвалидов в ванную и туалет;;;;;;;;
доступная среда элементы;;пороги для инвалидов колясочников;;;;;поручни для инвалидов из нержавеющей стали цена в туалет;;;;;;;;
оборудование для инвалидов доступная среда;;пандус резиновый перекатной;;;;;;;;;;;;;
выборы доступная среда;;пандус перекатной для преодоления порогов;;;;;;;;;;;;;
в рамках программы доступная среда;;перекатной пандус для инвалидов цена;;;;;;;;;;;;;
доступная среда нормативные документы;;пандус съемный;;;;;;;;;;;;;
брайль доступная среда;;пандус подставной;;;;;;;;;;;;;
программа доступная среда реализуется в рф;;временный пандус;;;;;;;;;;;;;
виды доступной среды;;съемный пандус для инвалидов;;;;;;;;;;;;;
правильные ответы доступная среда;;подкатной пандус;;;;;;;;;;;;;
доступная среда в доу;;пандус накладной на ступени;;;;;;;;;;;;;
доступная среда реализуется в соответствии с;;съемный пандус для инвалидов купить;;;;;;;;;;;;;
правила доступная среда;;пандус телескопический;;;;;;;;;;;;;
доступная среда для детей с овз;;купить телескопический пандус;;;;;;;;;;;;;
программа доступная среда в образовании;;телескопический пандус для инвалидов;;;;;;;;;;;;;
проблемы доступной среды;;пандус телескопический для инвалидов купить;;;;;;;;;;;;;
доступная среда петербург;;телескопический пандус для инвалидов на лестницу;;;;;;;;;;;;;
программа доступная среда мероприятия;;телескопический пандус для инвалидов цена;;;;;;;;;;;;;
понятие доступная среда;;купить пандус телескопический для инвалидной коляски;;;;;;;;;;;;;
принцип доступной среды;;купить пандус телескопический для инвалидной коляски переносной;;;;;;;;;;;;;
наличие доступной среды;;пандус телескопический для инвалидов купить в спб;;;;;;;;;;;;;
доступная среда фз;;пандусы в многоквартирных домах;;;;;;;;;;;;;
доступная среда для мгн;;;;;;;;;;;;;;;
муниципальная программа доступная среда;;;;;;;;;;;;;;;
требования доступной среды для инвалидов;;;;;;;;;;;;;;;
доступная среда района;;;;;;;;;;;;;;;
доступная среда инклюзивному образованию;;;;;;;;;;;;;;;
адаптация доступной средой;;;;;;;;;;;;;;;
методы доступной среды;;;;;;;;;;;;;;;
условия создания доступной среды;;;;;;;;;;;;;;;
показатели доступной среды;;;;;;;;;;;;;;;
доступная среда санкт петербург;;;;;;;;;;;;;;;
доступная среда образовательная программа;;;;;;;;;;;;;;;
доступная среда екатеринбург;;;;;;;;;;;;;;;
создана доступная среда;;;;;;;;;;;;;;;
право на доступную среду;;;;;;;;;;;;;;;
гост доступная среда;;;;;;;;;;;;;;;
доступная среда постановление правительства 2015;;;;;;;;;;;;;;;
примеры доступной среды;;;;;;;;;;;;;;;
постановление 1297 доступная среда;;;;;;;;;;;;;;;
реализация мероприятий доступная среда;;;;;;;;;;;;;;;
раздел доступная среда;;;;;;;;;;;;;;;
постановление правительства 1297 доступная среда;;;;;;;;;;;;;;;
доступная среда в помещении;;;;;;;;;;;;;;;
создание доступной среды в образовании;;;;;;;;;;;;;;;
доступная среда результаты;;;;;;;;;;;;;;;
доступная среда цены;;;;;;;;;;;;;;;
обеспечение создания доступной среды;;;;;;;;;;;;;;;
программа доступная среда предусматривает;;;;;;;;;;;;;;;
закон о доступной среде;;;;;;;;;;;;;;;
федеральный закон доступная среда;;;;;;;;;;;;;;;
доступная цифровая среда;;;;;;;;;;;;;;;
пространства доступной среды;;;;;;;;;;;;;;;
инфраструктуры доступной среды;;;;;;;;;;;;;;;
государственная программа доступная среда мероприятия;;;;;;;;;;;;;;;
таблички брайля для доступной среды;;;;;;;;;;;;;;;
задачи программы доступная среда;;;;;;;;;;;;;;;
тест доступная среда;;;;;;;;;;;;;;;
интернет доступная среда;;;;;;;;;;;;;;;
план доступная среда;;;;;;;;;;;;;;;
доступная среда включает;;;;;;;;;;;;;;;
постановление правительства рф 1297 доступная среда;;;;;;;;;;;;;;;
где доступная среда;;;;;;;;;;;;;;;
какие документы доступная среда;;;;;;;;;;;;;;;
презентация доступной среде;;;;;;;;;;;;;;;
отсутствие доступной среды;;;;;;;;;;;;;;;
доступная среда проектирование;;;;;;;;;;;;;;;
суть программы доступная среда;;;;;;;;;;;;;;;
сделать среду доступнее;;;;;;;;;;;;;;;
гимц доступная среда;;;;;;;;;;;;;;;
доступная среда музеи;;;;;;;;;;;;;;;
основы доступной среды;;;;;;;;;;;;;;;
доступная среда вход;;;;;;;;;;;;;;;
программа доступная среда закон;;;;;;;;;;;;;;;
формирование доступной среды жизнедеятельности;;;;;;;;;;;;;;;
доступная среда в образовательных учреждениях;;;;;;;;;;;;;;;
комплекс доступная среда;;;;;;;;;;;;;;;
кнопка вызова доступная среда;;;;;;;;;;;;;;;
доступная среда ru;;;;;;;;;;;;;;;
картинка доступная среда;;;;;;;;;;;;;;;
доступная среда сроки;;;;;;;;;;;;;;;
положение доступная среда;;;;;;;;;;;;;;;
государственная программа области доступная среда;;;;;;;;;;;;;;;
доступная среда предусматривает увеличение;;;;;;;;;;;;;;;
программа доступная среда предусматривает увеличение;;;;;;;;;;;;;;;
доступная среда 2024;;;;;;;;;;;;;;;
федеральная государственная программа доступная среда;;;;;;;;;;;;;;;
реализация программы доступная среда предусматривает увеличение;;;;;;;;;;;;;;;
компания доступная среда;;;;;;;;;;;;;;;
постановление о программе доступная среда;;;;;;;;;;;;;;;
доступная среда государственная для инвалидов;;;;;;;;;;;;;;;
доступная среда самарская область;;;;;;;;;;;;;;;
доступная среда жилье;;;;;;;;;;;;;;;
363 от 29.03 2019 доступная среда;;;;;;;;;;;;;;;
какая должна быть доступная среда;;;;;;;;;;;;;;;
конвенция о правах инвалидов доступная среда;;;;;;;;;;;;;;;
доступная среда ставропольский;;;;;;;;;;;;;;;
доступная среда дизайн;;;;;;;;;;;;;;;
доступная среда для колясочников;;;;;;;;;;;;;;;
зона доступной среды;;;;;;;;;;;;;;;
доступная среда для инвалидов купить;;;;;;;;;;;;;;;
доступная среда ставропольский край;;;;;;;;;;;;;;;
обучение по доступной среде;;;;;;;;;;;;;;;
региональная доступная среда;;;;;;;;;;;;;;;
формирование доступной среды жизнедеятельности для инвалидов;;;;;;;;;;;;;;;
доступная среда для инвалидов транспорт;;;;;;;;;;;;;;;
федеральный проект доступная среда;;;;;;;;;;;;;;;
гис доступная среда;;;;;;;;;;;;;;;
доступная среда купить оборудование;;;;;;;;;;;;;;;
доступная среда в саду;;;;;;;;;;;;;;;
доступная среда конкурс;;;;;;;;;;;;;;;
доступная среда владивосток;;;;;;;;;;;;;;;
организация доступной среды на транспорте;;;;;;;;;;;;;;;
социальная защита инвалидов доступная среда;;;;;;;;;;;;;;;
направления доступной среды;;;;;;;;;;;;;;;
знаки доступной среды;;;;;;;;;;;;;;;
доступная среда 2020;;;;;;;;;;;;;;;
производство доступной среды;;;;;;;;;;;;;;;
доступная среда для лиц с овз;;;;;;;;;;;;;;;
доступная среда статьи;;;;;;;;;;;;;;;
универсальная доступная среда;;;;;;;;;;;;;;;
доступная среда поручни;;;;;;;;;;;;;;;
единая страна доступная среда;;;;;;;;;;;;;;;
доступная среда 29;;;;;;;;;;;;;;;
доступная среда для слабовидящих;;;;;;;;;;;;;;;
цель программы доступная среда;;;;;;;;;;;;;;;
круст доступная среда;;;;;;;;;;;;;;;
доступная среда перечислить;;;;;;;;;;;;;;;
инвалиды колясочники доступная среда;;;;;;;;;;;;;;;
доступная среда сп;;;;;;;;;;;;;;;
создание доступной среды маломобильных групп населения;;;;;;;;;;;;;;;
программа школы доступная среда;;;;;;;;;;;;;;;
доступная среда номер;;;;;;;;;;;;;;;
доступная среда для людей с ограниченными возможностями;;;;;;;;;;;;;;;
двери доступная среда;;;;;;;;;;;;;;;
доступная среда нормы;;;;;;;;;;;;;;;
возможности программы доступная среда;;;;;;;;;;;;;;;
условия доступной среды для инвалидов;;;;;;;;;;;;;;;
ремонт доступная среда;;;;;;;;;;;;;;;
доступная среда для людей с инвалидностью;;;;;;;;;;;;;;;
доступная среда в детском саду;;;;;;;;;;;;;;;
в рамках государственной программы доступная среда;;;;;;;;;;;;;;;
субъекты доступной среды;;;;;;;;;;;;;;;
доступная среда инн;;;;;;;;;;;;;;;
доклад доступная среда;;;;;;;;;;;;;;;
доступная среда гостиницы;;;;;;;;;;;;;;;
доступная среда законодательство;;;;;;;;;;;;;;;
доступная среда для инвалидов купить оборудование;;;;;;;;;;;;;;;
нормативы доступной среды;;;;;;;;;;;;;;;
нуждаемость в условиях доступной среды;;;;;;;;;;;;;;;
рекомендации доступной среде;;;;;;;;;;;;;;;
комиссия доступная среда;;;;;;;;;;;;;;;
государственная программа доступная среда задачи;;;;;;;;;;;;;;;
предприятия доступная среда;;;;;;;;;;;;;;;
работа программы доступная среда;;;;;;;;;;;;;;;
доступная среда отчет;;;;;;;;;;;;;;;
доступная культурная среда;;;;;;;;;;;;;;;
программа доступная среда для детей;;;;;;;;;;;;;;;
доступная среда тольятти;;;;;;;;;;;;;;;
доступная среда для инвалидов овз;;;;;;;;;;;;;;;
составляющие доступной среды;;;;;;;;;;;;;;;
доступная среда лифт;;;;;;;;;;;;;;;
доступная среда для слепых;;;;;;;;;;;;;;;
таблички брайля для доступной среды цена;;;;;;;;;;;;;;;
таблички для доступной среды цена;;;;;;;;;;;;;;;
технические средства доступной среды;;;;;;;;;;;;;;;
отели с доступной средой;;;;;;;;;;;;;;;
раздел сайта доступная среда;;;;;;;;;;;;;;;
проект для создания доступной среды;;;;;;;;;;;;;;;
доступная среда в республике;;;;;;;;;;;;;;;
государственная программа доступная среда для инвалидов;;;;;;;;;;;;;;;
проект доступная среда для инвалидов;;;;;;;;;;;;;;;
доступная среда спб официальный сайт;;;;;;;;;;;;;;;
специалист по доступной среде;;;;;;;;;;;;;;;
доступная среда войти;;;;;;;;;;;;;;;
целевая программа доступная среда;;;;;;;;;;;;;;;
стандарты доступной среды;;;;;;;;;;;;;;;
термин доступная среда;;;;;;;;;;;;;;;
доступная среда 12;;;;;;;;;;;;;;;
доступная среда карта доступности;;;;;;;;;;;;;;;
приказ о доступной среде;;;;;;;;;;;;;;;
доступная среда что относится;;;;;;;;;;;;;;;
комплексная программа доступная среда;;;;;;;;;;;;;;;
ответственный за доступную среду;;;;;;;;;;;;;;;
доступная среда в библиотеке;;;;;;;;;;;;;;;
доступная среда оснащение;;;;;;;;;;;;;;;
доступная среда лестница;;;;;;;;;;;;;;;
категория объекта доступная среда;;;;;;;;;;;;;;;
доступная среда пособие;;;;;;;;;;;;;;;
объекты доступной среды для инвалидов;;;;;;;;;;;;;;;
лагерь доступная среда;;;;;;;;;;;;;;;
портал ставропольского края доступная среда;;;;;;;;;;;;;;;
паз доступная среда;;;;;;;;;;;;;;;
туалет доступная среда;;;;;;;;;;;;;;;
доступная среда ответственность;;;;;;;;;;;;;;;
программа доступная среда 2020;;;;;;;;;;;;;;;
доступная среда 2030;;;;;;;;;;;;;;;
плитка доступная среда;;;;;;;;;;;;;;;
доступная среда характеристики;;;;;;;;;;;;;;;
этапы доступной среды;;;;;;;;;;;;;;;
архитектурная доступная среда;;;;;;;;;;;;;;;
доступная среда колледж;;;;;;;;;;;;;;;
требования к организации доступной среды;;;;;;;;;;;;;;;
подпрограммы доступная среда;;;;;;;;;;;;;;;
курсы доступная среда;;;;;;;;;;;;;;;
управление доступной средой;;;;;;;;;;;;;;;
доступная среда для инвалидов документы;;;;;;;;;;;;;;;
текст доступная среда;;;;;;;;;;;;;;;
пользователи доступной среды;;;;;;;;;;;;;;;
доступная среда итоги;;;;;;;;;;;;;;;
доступная среда интернет магазин;;;;;;;;;;;;;;;
доступная среда 2020 год;;;;;;;;;;;;;;;
меры по доступной среде;;;;;;;;;;;;;;;
вектор доступная среда;;;;;;;;;;;;;;;
национальный проект доступная среда;;;;;;;;;;;;;;;
доступная среда личный кабинет;;;;;;;;;;;;;;;
материалы для доступной среде;;;;;;;;;;;;;;;
проекты программы доступная среда;;;;;;;;;;;;;;;
доступная среда 2021;;;;;;;;;;;;;;;
обучение доступная среда для инвалидов;;;;;;;;;;;;;;;
круст доступная среда официальный сайт;;;;;;;;;;;;;;;
комплект доступная среда;;;;;;;;;;;;;;;
доступная среда для маломобильных граждан;;;;;;;;;;;;;;;
организовать доступную среду;;;;;;;;;;;;;;;
доступна ли инвалиду доступная среда;;;;;;;;;;;;;;;
доступная среда бюджет;;;;;;;;;;;;;;;
критерии доступной среды;;;;;;;;;;;;;;;
программа доступная среда 2024;;;;;;;;;;;;;;;
доступная среда университет;;;;;;;;;;;;;;;
доступная среда функции;;;;;;;;;;;;;;;
доступная среда оси;;;;;;;;;;;;;;;
доступная среда для всех людей;;;;;;;;;;;;;;;
доступная среда входная группа;;;;;;;;;;;;;;;
вертикаль доступная среда;;;;;;;;;;;;;;;
доступная среда подъемники;;;;;;;;;;;;;;;
условия доступной среды для детей;;;;;;;;;;;;;;;
санаторий доступная среда;;;;;;;;;;;;;;;
создание доступной безбарьерной среды;;;;;;;;;;;;;;;
реализация проекта доступная среда;;;;;;;;;;;;;;;
доступная среда поликлиники;;;;;;;;;;;;;;;
доступная среда шрифт брайля;;;;;;;;;;;;;;;
ано доступная среда;;;;;;;;;;;;;;;
доступная среда красноярск;;;;;;;;;;;;;;;
доступная среда пермь;;;;;;;;;;;;;;;
доступная среда туризма;;;;;;;;;;;;;;;
доступная среда омск;;;;;;;;;;;;;;;
доступная среда свердловская;;;;;;;;;;;;;;;
постановление доступная среда для инвалидов;;;;;;;;;;;;;;;
доступная среда родителям;;;;;;;;;;;;;;;
программа доступная среда 2023;;;;;;;;;;;;;;;
доступная среда янао;;;;;;;;;;;;;;;
социальный проект доступная среда;;;;;;;;;;;;;;;
доступная среда и другие программы;;;;;;;;;;;;;;;
формирование доступной городской среды;;;;;;;;;;;;;;;
доступная среда описание;;;;;;;;;;;;;;;
доступная среда поддержка инвалидов;;;;;;;;;;;;;;;
субсидия доступная среда;;;;;;;;;;;;;;;
программа доступная среда результаты;;;;;;;;;;;;;;;
программа доступная среда города;;;;;;;;;;;;;;;
доступная среда в социальной организации;;;;;;;;;;;;;;;
автобус доступная среда;;;;;;;;;;;;;;;
доступная среда свердловской области;;;;;;;;;;;;;;;
госвеб доступная среда;;;;;;;;;;;;;;;
доступная среда самара;;;;;;;;;;;;;;;
проблемы доступной среды для инвалидов;;;;;;;;;;;;;;;
мониторинг доступной среды;;;;;;;;;;;;;;;
карта доступной среды для инвалидов;;;;;;;;;;;;;;;
доступная среда строительство;;;;;;;;;;;;;;;
мероприятия по доступной среде для инвалидов;;;;;;;;;;;;;;;
доступная среда казань;;;;;;;;;;;;;;;
тотальная доступная среда;;;;;;;;;;;;;;;
доступная образовательная среда в школе;;;;;;;;;;;;;;;
обследование доступная среда;;;;;;;;;;;;;;;
доступная среда 23;;;;;;;;;;;;;;;
обучение создание доступной среды;;;;;;;;;;;;;;;
проекты госпрограммы доступная среда;;;;;;;;;;;;;;;
проект россия доступная среда;;;;;;;;;;;;;;;
кнопки для инвалидов доступная среда;;;;;;;;;;;;;;;
создание доступной среды в образовательной организации;;;;;;;;;;;;;;;
кнопка вызова персонала доступная среда;;;;;;;;;;;;;;;
доступная среда краснодар;;;;;;;;;;;;;;;
минтруда доступная среда;;;;;;;;;;;;;;;
предметы доступной среды;;;;;;;;;;;;;;;
доступная среда для незрячих;;;;;;;;;;;;;;;
модель доступной среды;;;;;;;;;;;;;;;
реализация программы доступная среда для инвалидов;;;;;;;;;;;;;;;
акт по доступной среде;;;;;;;;;;;;;;;
инструктаж по доступной среде;;;;;;;;;;;;;;;
доступная среда приложение;;;;;;;;;;;;;;;
региональная программа доступная среда;;;;;;;;;;;;;;;
гис доступная среда самарская область;;;;;;;;;;;;;;;
доступная среда сайт петербург;;;;;;;;;;;;;;;
доступная среда эффективность;;;;;;;;;;;;;;;
доступная среда кнопка вызова для инвалидов;;;;;;;;;;;;;;;
доступная дорожная среда;;;;;;;;;;;;;;;
компоненты доступной среды;;;;;;;;;;;;;;;
доступная среда ростов;;;;;;;;;;;;;;;
доступная среда парки;;;;;;;;;;;;;;;
доступная среда для инвалидов требования к помещениям;;;;;;;;;;;;;;;
государственная программа создание доступной среды;;;;;;;;;;;;;;;
гимц доступная среда санкт петербург;;;;;;;;;;;;;;;
доступная среда как правильно;;;;;;;;;;;;;;;
доступная среда тактильная плитка;;;;;;;;;;;;;;;
право на доступную среду для инвалидов;;;;;;;;;;;;;;;
театр доступная среда;;;;;;;;;;;;;;;
доступная среда паспорт доступности;;;;;;;;;;;;;;;
программа обучения доступная среда;;;;;;;;;;;;;;;
организация доступной среды для инвалидов на транспорте;;;;;;;;;;;;;;;
доступная среда московская область;;;;;;;;;;;;;;;
тотальном тесте доступная среда;;;;;;;;;;;;;;;
тотальный тест доступная среда;;;;;;;;;;;;;;;
доступная среда для слепых и слабовидящих;;;;;;;;;;;;;;;
25 доступная среда;;;;;;;;;;;;;;;
товары для доступной среды;;;;;;;;;;;;;;;
доступная среда с какого года;;;;;;;;;;;;;;;
доступная среда санкт петербург официальный сайт;;;;;;;;;;;;;;;
инклюзия доступная среда;;;;;;;;;;;;;;;
грант доступная среда 2026;;;;;;;;;;;;;;;
гимц доступная среда санкт петербург официальный;;;;;;;;;;;;;;;
проекта единая страна доступная среда;;;;;;;;;;;;;;;
доступная среда схема;;;;;;;;;;;;;;;
фонд доступная среда;;;;;;;;;;;;;;;
федеральные проекты госпрограммы доступная среда;;;;;;;;;;;;;;;
доступная среда 2030 программа;;;;;;;;;;;;;;;
доступная среда 2014;;;;;;;;;;;;;;;
доступная среда это в образовании;;;;;;;;;;;;;;;
магазин доступная среда для инвалидов;;;;;;;;;;;;;;;
пандус доступная среда для инвалидов;;;;;;;;;;;;;;;
ответы теста доступная среда;;;;;;;;;;;;;;;
гимц доступная среда санкт петербург официальный сайт;;;;;;;;;;;;;;;
доступная среда башкортостан;;;;;;;;;;;;;;;
доступная среда ответственный приказ;;;;;;;;;;;;;;;
финансирование доступная среда;;;;;;;;;;;;;;;
доступная среда спорт;;;;;;;;;;;;;;;
доступная среда для инвалидов и мгн;;;;;;;;;;;;;;;
нормативные акты доступная среда;;;;;;;;;;;;;;;
закон о доступной среде для инвалидов;;;;;;;;;;;;;;;
доступная городская среда программа;;;;;;;;;;;;;;;
день доступной среды;;;;;;;;;;;;;;;
доступная среда для инвалидов в школе;;;;;;;;;;;;;;;
цель доступной среды для инвалидов;;;;;;;;;;;;;;;
муниципальная программа доступная среда для инвалидов;;;;;;;;;;;;;;;
паз вектор доступная среда;;;;;;;;;;;;;;;
программа доступная среда в россии;;;;;;;;;;;;;;;
доступная среда адрес;;;;;;;;;;;;;;;
эксперт по доступной среде;;;;;;;;;;;;;;;
устройство доступной среды;;;;;;;;;;;;;;;
доступная среда про;;;;;;;;;;;;;;;
доступная среда сош;;;;;;;;;;;;;;;
муниципальное образование доступная среда;;;;;;;;;;;;;;;
доступная среда предполагает;;;;;;;;;;;;;;;
части госпрограммы доступная среда;;;;;;;;;;;;;;;
государственная программа доступная среда цель программы;;;;;;;;;;;;;;;
гос программа доступная среда;;;;;;;;;;;;;;;
табличка доступная среда для инвалидов;;;;;;;;;;;;;;;
подпрограммы программы доступная среда;;;;;;;;;;;;;;;
семинар доступная среда;;;;;;;;;;;;;;;
доступная среда указатели;;;;;;;;;;;;;;;
к задачам программы доступная среда относится;;;;;;;;;;;;;;;
доступная среда для детей в школе;;;;;;;;;;;;;;;
ресурсный центр доступная среда;;;;;;;;;;;;;;;
основные задачи доступной среды;;;;;;;;;;;;;;;
доступная среда телефон;;;;;;;;;;;;;;;
программа доступная среда района;;;;;;;;;;;;;;;
доступная среда 2019 год;;;;;;;;;;;;;;;
платформа доступная среда;;;;;;;;;;;;;;;
паспортизация доступной среды;;;;;;;;;;;;;;;
доступная среда вход в личный кабинет;;;;;;;;;;;;;;;
доступная среда 35;;;;;;;;;;;;;;;
методические рекомендации доступная среда;;;;;;;;;;;;;;;
доступная среда инструкции;;;;;;;;;;;;;;;
дорожные карты доступная среда;;;;;;;;;;;;;;;
доступная среда для каждого;;;;;;;;;;;;;;;
доступная среда в учреждениях культуры;;;;;;;;;;;;;;;
обустройство доступной среды;;;;;;;;;;;;;;;
реестр доступная среда;;;;;;;;;;;;;;;
доступная среда кнопка вызова персонала для инвалидов;;;;;;;;;;;;;;;
необходимость доступной среды;;;;;;;;;;;;;;;
доступная среда проверки;;;;;;;;;;;;;;;
доступная среда в регионе;;;;;;;;;;;;;;;
доступная среда 2011 2015;;;;;;;;;;;;;;;
доступная среда для слабослышащих;;;;;;;;;;;;;;;
доступная среда пройти;;;;;;;;;;;;;;;
национальная программа доступная среда;;;;;;;;;;;;;;;
гост доступная среда для инвалидов;;;;;;;;;;;;;;;
доступная среда скачать;;;;;;;;;;;;;;;
больница доступная среда;;;;;;;;;;;;;;;
методическое пособие доступная среда;;;;;;;;;;;;;;;
что значит доступная среда;;;;;;;;;;;;;;;
доступная среда глухих;;;;;;;;;;;;;;;
21 доступная среда;;;;;;;;;;;;;;;
государственная программа доступная среда 2023;;;;;;;;;;;;;;;
в рамках реализации программы доступная среда;;;;;;;;;;;;;;;
доступная среда для сво;;;;;;;;;;;;;;;
доступная среда в условиях образовательных организаций;;;;;;;;;;;;;;;
повышение квалификации доступная среда;;;;;;;;;;;;;;;
доступная среда ростовская область;;;;;;;;;;;;;;;
государственная программа доступная среда сформулировала подход;;;;;;;;;;;;;;;
тактильная табличка доступная среда;;;;;;;;;;;;;;;
мероприятия в рамках доступная среда;;;;;;;;;;;;;;;
доступная среда уфа;;;;;;;;;;;;;;;
программа доступная среда для детей инвалидов;;;;;;;;;;;;;;;
доступная среда 2011 2020;;;;;;;;;;;;;;;
партийный проект доступная среда;;;;;;;;;;;;;;;
доступная среда новосибирск;;;;;;;;;;;;;;;
доступная среда тюмень;;;;;;;;;;;;;;;
план мероприятий доступная среда;;;;;;;;;;;;;;;
требования государственной программы доступная среда;;;;;;;;;;;;;;;
доступная среда 26;;;;;;;;;;;;;;;
продукция доступная среда;;;;;;;;;;;;;;;
доступная среда екатеринбург официальный;;;;;;;;;;;;;;;
доступная среда екатеринбург официальный сайт;;;;;;;;;;;;;;;
доступная среда екатеринбург сайт;;;;;;;;;;;;;;;
доступная среда для людей с овз;;;;;;;;;;;;;;;
программа доступная среда 2011 2020;;;;;;;;;;;;;;;
доступная среда работа для инвалидов;;;;;;;;;;;;;;;
доступная среда 2018;;;;;;;;;;;;;;;
доступная среда владимир;;;;;;;;;;;;;;;
задачи государственной программы рф доступная среда;;;;;;;;;;;;;;;
доступная среда новости;;;;;;;;;;;;;;;
доступная среда вуза;;;;;;;;;;;;;;;
доступная среда ступени;;;;;;;;;;;;;;;
государственная программа доступная среда 2011 2020;;;;;;;;;;;;;;;
доступная среда дополнительное образование;;;;;;;;;;;;;;;
аис доступная среда вход;;;;;;;;;;;;;;;
доступная среда каталог;;;;;;;;;;;;;;;
доступная среда иваново;;;;;;;;;;;;;;;
доступная среда унитаз;;;;;;;;;;;;;;;
тцри доступная среда;;;;;;;;;;;;;;;
доступная среда вокзалов;;;;;;;;;;;;;;;
комиссия по доступной среде для инвалидов;;;;;;;;;;;;;;;
доступная среда для инвалидов законодательство;;;;;;;;;;;;;;;
доступная среда 2011 2015 годы;;;;;;;;;;;;;;;
программа доступная среда оборудование;;;;;;;;;;;;;;;
мероприятия по созданию доступной среды;;;;;;;;;;;;;;;
доступная среда коляска инвалидная;;;;;;;;;;;;;;;
доступная среда благоустройство;;;;;;;;;;;;;;;
доступная среда медицинских учреждений;;;;;;;;;;;;;;;
программа доступная среда разработана;;;;;;;;;;;;;;;
логотип доступная среда;;;;;;;;;;;;;;;
доступная среда иркутск;;;;;;;;;;;;;;;
средства доступной среды для инвалидов;;;;;;;;;;;;;;;
программа доступная среда сроки;;;;;;;;;;;;;;;
доступная среда в республике башкортостан;;;;;;;;;;;;;;;
доступная среда сроки реализации;;;;;;;;;;;;;;;
универсальный дизайн для доступной среды;;;;;;;;;;;;;;;
наклейки доступная среда;;;;;;;;;;;;;;;
доступная среда беларусь;;;;;;;;;;;;;;;
доступная среда воронеж;;;;;;;;;;;;;;;
доступная среда томск;;;;;;;;;;;;;;;
доступная среда мфц;;;;;;;;;;;;;;;
доступная среда для инвалидов 2025;;;;;;;;;;;;;;;
постановление правительства доступная среда для инвалидов;;;;;;;;;;;;;;;
федеральная программа доступная среда для инвалидов;;;;;;;;;;;;;;;
государственный проект доступная среда;;;;;;;;;;;;;;;
комплект вызова доступная среда;;;;;;;;;;;;;;;
доступная среда 2011 2025;;;;;;;;;;;;;;;
доступная среда для инвалидов в городе;;;;;;;;;;;;;;;
доступная среда тверь;;;;;;;;;;;;;;;
доступная среда статистика;;;;;;;;;;;;;;;
обеспечение доступной среды обучение;;;;;;;;;;;;;;;
проект доступная городская среда;;;;;;;;;;;;;;;
доступная бизнес среда;;;;;;;;;;;;;;;
что означает доступная среда;;;;;;;;;;;;;;;
программа доступная среда 2011 2025;;;;;;;;;;;;;;;
программа доступная среда пандусы;;;;;;;;;;;;;;;
единая страна доступная среда партийный проект;;;;;;;;;;;;;;;
доступная среда заявка;;;;;;;;;;;;;;;
методический центр доступная среда;;;;;;;;;;;;;;;
обеспечение доступной среды жизнедеятельности инвалидов;;;;;;;;;;;;;;;
доступная среда обозначения;;;;;;;;;;;;;;;
подраздел доступная среда;;;;;;;;;;;;;;;
доступная среда регистрация;;;;;;;;;;;;;;;
программа доступная среда ростовская область;;;;;;;;;;;;;;;
программа доступная среда муниципального района;;;;;;;;;;;;;;;
проект организация доступной среды;;;;;;;;;;;;;;;
символ доступной среды;;;;;;;;;;;;;;;
паспорт доступной среды для инвалидов;;;;;;;;;;;;;;;
доступная среда оборудование для детей;;;;;;;;;;;;;;;
госпрограмма доступная среда для инвалидов;;;;;;;;;;;;;;;
прокуратура доступная среда;;;;;;;;;;;;;;;
нормативно правовые акты доступная среда;;;;;;;;;;;;;;;
единая россия доступная среда;;;;;;;;;;;;;;;
документация доступная среда;;;;;;;;;;;;;;;
программа краснодарского края доступная среда;;;;;;;;;;;;;;;
директор доступная среда;;;;;;;;;;;;;;;
нацпроект доступная среда;;;;;;;;;;;;;;;
постановление правительства доступная среда 2011 2020;;;;;;;;;;;;;;;
изменения по доступной среде;;;;;;;;;;;;;;;
знаки инвалиды доступная среда;;;;;;;;;;;;;;;
распоряжение доступная среда;;;;;;;;;;;;;;;
муниципальная программа доступная среда города;;;;;;;;;;;;;;;
ответы на тест доступная среда;;;;;;;;;;;;;;;
ооо тцри доступная среда;;;;;;;;;;;;;;;
доступная среда вебинар;;;;;;;;;;;;;;;
доступная среда хабаровск;;;;;;;;;;;;;;;
архитектура доступной среды;;;;;;;;;;;;;;;
основными атрибутами доступной среды в городе являются;;;;;;;;;;;;;;;
магазин доступная среда для инвалидов официальный;;;;;;;;;;;;;;;
портал государственной программы доступная среда;;;;;;;;;;;;;;;
доступная среда желтые круги;;;;;;;;;;;;;;;
личный кабинет аис доступная среда;;;;;;;;;;;;;;;
доступная среда в здравоохранении;;;;;;;;;;;;;;;
обеспечения создания доступной среды для инвалидов;;;;;;;;;;;;;;;
доступная среда комиссия по координации деятельности;;;;;;;;;;;;;;;
доступная среда навигация;;;;;;;;;;;;;;;
доступная среда 63;;;;;;;;;;;;;;;
доступная среда сочи;;;;;;;;;;;;;;;
официальный портал доступная среда;;;;;;;;;;;;;;;
сайт ооо доступная среда;;;;;;;;;;;;;;;
доступная среда оренбург;;;;;;;;;;;;;;;
рейтинг доступная среда;;;;;;;;;;;;;;;
мероприятия в рамках программы доступная среда;;;;;;;;;;;;;;;
доступная среда детская площадка;;;;;;;;;;;;;;;
доступная среда тестирования;;;;;;;;;;;;;;;
доступная среда пермский край;;;;;;;;;;;;;;;
создание доступной среды жизнедеятельности инвалидов;;;;;;;;;;;;;;;
доступная среда кемерово;;;;;;;;;;;;;;;
федеральный ресурсный центр доступная среда;;;;;;;;;;;;;;;
доступная городская среда для инвалидов;;;;;;;;;;;;;;;
доступная среда программа 2022;;;;;;;;;;;;;;;
план доступная среда для инвалидов;;;;;;;;;;;;;;;
доступная среда челябинск;;;;;;;;;;;;;;;
экспертиза доступной среды;;;;;;;;;;;;;;;
программа доступная среда 2021;;;;;;;;;;;;;;;
сайт программы доступная среда;;;;;;;;;;;;;;;
доступная среда крым;;;;;;;;;;;;;;;
программа доступная среда округ;;;;;;;;;;;;;;;
направления программы доступная среда;;;;;;;;;;;;;;;
обеспечение доступной среды в инклюзивной образовательной организации;;;;;;;;;;;;;;;
доступная среда для инвалидов интернет магазина;;;;;;;;;;;;;;;
бюджет государственной программы доступная среда;;;;;;;;;;;;;;;
сити фо ю доступная среда спб;;;;;;;;;;;;;;;
доступная среда в социальных учреждениях;;;;;;;;;;;;;;;
государственная программа доступная среда жить вместе;;;;;;;;;;;;;;;
доступная среда видео;;;;;;;;;;;;;;;
организация доступной среды в образовательном учреждении;;;;;;;;;;;;;;;
доступная среда аэропорты;;;;;;;;;;;;;;;
доступная среда для инвалидов москва;;;;;;;;;;;;;;;
доступная среда оборудование владивосток;;;;;;;;;;;;;;;
доступная комфортная городская среда;;;;;;;;;;;;;;;
доступная городская среда голосование;;;;;;;;;;;;;;;
федеральную целевую программу доступная среда;;;;;;;;;;;;;;;
финансирование программы доступная среда;;;;;;;;;;;;;;;
доступная среда сайт образовательной организации;;;;;;;;;;;;;;;
проект доступная среда в образовании;;;;;;;;;;;;;;;
рекомендации по доступной среде для инвалидов;;;;;;;;;;;;;;;
доступная среда тольятти официальный сайт;;;;;;;;;;;;;;;
доступная среда тула;;;;;;;;;;;;;;;
доступная среда проголосовать;;;;;;;;;;;;;;;
доступная среда почта;;;;;;;;;;;;;;;
федеральный центр по формированию доступной среды;;;;;;;;;;;;;;;
доступная среда нижний новгород;;;;;;;;;;;;;;;
доступная среда табличка со шрифтом брайля;;;;;;;;;;;;;;;
доступная среда сургут;;;;;;;;;;;;;;;
фз доступная среда для инвалидов;;;;;;;;;;;;;;;
доступная среда учебные пособия;;;;;;;;;;;;;;;
звонок доступная среда;;;;;;;;;;;;;;;
паспорт программа доступной среды;;;;;;;;;;;;;;;
доступная среда это определение;;;;;;;;;;;;;;;
государственная программа доступная среда 2011 2025;;;;;;;;;;;;;;;
доступная среда рб;;;;;;;;;;;;;;;
окпд доступная среда;;;;;;;;;;;;;;;
доступная среда ру;;;;;;;;;;;;;;;
аис доступная среда вход в личный кабинет;;;;;;;;;;;;;;;
лента желтая доступная среда;;;;;;;;;;;;;;;
государственная программа краснодарского края доступная среда;;;;;;;;;;;;;;;
волгоград доступная среда;;;;;;;;;;;;;;;
доступная среда приморский край;;;;;;;;;;;;;;;
доступная среда янао портал;;;;;;;;;;;;;;;
программа доступная среда с какого года;;;;;;;;;;;;;;;
сайт магазина доступная среда;;;;;;;;;;;;;;;
доступная среда липецк;;;;;;;;;;;;;;;
примеры доступной среды для инвалидов;;;;;;;;;;;;;;;
доступная среда карта доступности объектов;;;;;;;;;;;;;;;
доступная среда калининград;;;;;;;;;;;;;;;
ооо доступная среда официальный сайт;;;;;;;;;;;;;;;
ооо доступная среда официальный;;;;;;;;;;;;;;;
доступная среда закупка;;;;;;;;;;;;;;;
доступная среда хмао;;;;;;;;;;;;;;;
барс доступная среда;;;;;;;;;;;;;;;
доступная среда инвалидам по зрению;;;;;;;;;;;;;;;
доступная среда рязань;;;;;;;;;;;;;;;
портал доступная среда официальный сайт;;;;;;;;;;;;;;;
обучение по доступной среде дистанционно;;;;;;;;;;;;;;;
доступная среда саратов;;;;;;;;;;;;;;;
доступная среда инвалидов доклад;;;;;;;;;;;;;;;
рестораны с доступной средой;;;;;;;;;;;;;;;
доступная среда лекция;;;;;;;;;;;;;;;
доступная среда госуслуги;;;;;;;;;;;;;;;
конкурс доступная среда 2026;;;;;;;;;;;;;;;
доступная среда снип;;;;;;;;;;;;;;;
портал жить вместе официальный сайт доступная среда;;;;;;;;;;;;;;;
спб гимц доступная среда;;;;;;;;;;;;;;;
что делает доступная среда;;;;;;;;;;;;;;;
отдел доступной средой;;;;;;;;;;;;;;;
госпрограмма рф доступная среда;;;;;;;;;;;;;;;
понятия доступная среда безбарьерная среда;;;;;;;;;;;;;;;
анапа доступная среда;;;;;;;;;;;;;;;
ооо доступная среда инн;;;;;;;;;;;;;;;
доступная среда для пациентов;;;;;;;;;;;;;;;
доступная среда ленинградская область;;;;;;;;;;;;;;;
доступная среда реквизиты;;;;;;;;;;;;;;;
доступная среда для глухих и слабослышащих;;;;;;;;;;;;;;;
доступная среда в многоквартирном доме;;;;;;;;;;;;;;;
исток доступная среда;;;;;;;;;;;;;;;
смета доступная среда;;;;;;;;;;;;;;;
вектор некст доступная среда;;;;;;;;;;;;;;;
приказ по доступной среде для инвалидов;;;;;;;;;;;;;;;
доступная среда в системе образования;;;;;;;;;;;;;;;
программное обеспечение доступная среда;;;;;;;;;;;;;;;
стенды доступная среда;;;;;;;;;;;;;;;
санпин доступная среда;;;;;;;;;;;;;;;
доступная среда требования к учреждениям;;;;;;;;;;;;;;;
smartaids ru доступная среда;;;;;;;;;;;;;;;
доступная среда в алтайском крае;;;;;;;;;;;;;;;
доступная среда белгород;;;;;;;;;;;;;;;
паз некст доступная среда;;;;;;;;;;;;;;;
доступная среда севастополь;;;;;;;;;;;;;;;
магазин доступная среда для инвалидов официальный сайт;;;;;;;;;;;;;;;
сайт вертикаль доступная среда;;;;;;;;;;;;;;;
доступная среда 2023 постановление;;;;;;;;;;;;;;;
доступная среда госвеб школы;;;;;;;;;;;;;;;
доступная среда ставрополь;;;;;;;;;;;;;;;
программа доступная среда 2011 2025 годы;;;;;;;;;;;;;;;
государственная программа ростовской области доступная среда;;;;;;;;;;;;;;;
доступная среда спо;;;;;;;;;;;;;;;
метро доступная среда;;;;;;;;;;;;;;;
ано риц доступная среда;;;;;;;;;;;;;;;
аптека доступная среда;;;;;;;;;;;;;;;
отдых с доступной средой;;;;;;;;;;;;;;;
спб гбу доступная среда;;;;;;;;;;;;;;;
смартаидс доступная среда;;;;;;;;;;;;;;;
элементы доступной среды для инвалидов;;;;;;;;;;;;;;;
доступная среда нпа;;;;;;;;;;;;;;;
доступная среда в санузле;;;;;;;;;;;;;;;
спб гбу гимц доступная среда;;;;;;;;;;;;;;;
гбу гимц доступная среда;;;;;;;;;;;;;;;
доступная среда основные направления;;;;;;;;;;;;;;;
паз вектор некст доступная среда;;;;;;;;;;;;;;;
экономика доступной среды;;;;;;;;;;;;;;;
доступная среда на 2011 2025 годы;;;;;;;;;;;;;;;
федеральный закон о доступной среде для инвалидов;;;;;;;;;;;;;;;
конференция доступная среда;;;;;;;;;;;;;;;
пиктограмма доступная среда;;;;;;;;;;;;;;;
доступная среда ростов на дону;;;;;;;;;;;;;;;
сертификат доступная среда;;;;;;;;;;;;;;;
альфа среда доступная среда;;;;;;;;;;;;;;;
доступная среда для инвалидов в доу;;;;;;;;;;;;;;;
доступная среда в учреждении образования;;;;;;;;;;;;;;;
доступная среда в доу что должно быть;;;;;;;;;;;;;;;
презентация доступная среда для инвалидов;;;;;;;;;;;;;;;
академия доступной среды;;;;;;;;;;;;;;;
419 фз доступная среда;;;;;;;;;;;;;;;
доступная среда в мкд;;;;;;;;;;;;;;;
доступная среда для инвалидов цены;;;;;;;;;;;;;;;
доступная среда для инвалидов екатеринбург;;;;;;;;;;;;;;;
государственная программа доступная среда 2021;;;;;;;;;;;;;;;
методические рекомендации по доступной среде для инвалидов;;;;;;;;;;;;;;;
ретайл доступная среда;;;;;;;;;;;;;;;
доступная среда на сайте школы госвеб;;;;;;;;;;;;;;;
программа доступная среда официальный сайт;;;;;;;;;;;;;;;
фирма доступная среда;;;;;;;;;;;;;;;
сп доступная среда для маломобильных групп населения;;;;;;;;;;;;;;;
доступная среда в медицинских учреждениях требования;;;;;;;;;;;;;;;
приобретения для доступной среды;;;;;;;;;;;;;;;
информационно аналитический портал доступная среда;;;;;;;;;;;;;;;
доступная среда для инвалидов статьи;;;;;;;;;;;;;;;
доступная среда в сахалинской области;;;;;;;;;;;;;;;
доступная среда 2021 год;;;;;;;;;;;;;;;
доступная среда в италии;;;;;;;;;;;;;;;
окпд 2 доступная среда;;;;;;;;;;;;;;;
доступная среда в доу на сайте доу;;;;;;;;;;;;;;;
единая страна доступная среда единая россия;;;;;;;;;;;;;;;
универсальный дизайн создания доступной среды;;;;;;;;;;;;;;;
государственная программа доступная среда сроки;;;;;;;;;;;;;;;
доступная среда для инвалидов официальный сайт спб;;;;;;;;;;;;;;;
программа доступная среда свердловская область;;;;;;;;;;;;;;;
тендер доступная среда;;;;;;;;;;;;;;;
доступная среда для инвалидов в спб;;;;;;;;;;;;;;;
маяки доступная среда;;;;;;;;;;;;;;;
доступная среда костанай;;;;;;;;;;;;;;;
фцко доступная среда;;;;;;;;;;;;;;;
проект поликлиники доступная среда;;;;;;;;;;;;;;;
доступная среда и инклюзивная практика;;;;;;;;;;;;;;;
принципы формирования доступной среды;;;;;;;;;;;;;;;
доступная среда псковская область;;;;;;;;;;;;;;;
доступная среда для участников сво;;;;;;;;;;;;;;;
письмо по доступной среде;;;;;;;;;;;;;;;
доступная среда для инвалидов по слуху;;;;;;;;;;;;;;;
доступная среда какие информации;;;;;;;;;;;;;;;
войти в программу доступная среда;;;;;;;;;;;;;;;
проблемы в реализации доступной среды для инвалидов;;;;;;;;;;;;;;;
доступная среда на улице;;;;;;;;;;;;;;;
доступная среда омск официальный;;;;;;;;;;;;;;;
доступная среда 2022 год;;;;;;;;;;;;;;;
доступная среда подъемники для инвалидов;;;;;;;;;;;;;;;
исток аудио доступная среда;;;;;;;;;;;;;;;
направление развитие доступная среда;;;;;;;;;;;;;;;
картинка доступная среда в школе;;;;;;;;;;;;;;;
ано риц доступная среда пермь;;;;;;;;;;;;;;;
доступная среда для инвалидов поручень;;;;;;;;;;;;;;;
гп доступная среда;;;;;;;;;;;;;;;
оборудование для инвалидов доступная среда цены;;;;;;;;;;;;;;;
проектировщик доступной среды;;;;;;;;;;;;;;;
клиенты доступная среда;;;;;;;;;;;;;;;
доступная среда пермь официальный сайт;;;;;;;;;;;;;;;
тотальный тест доступная среда 2025;;;;;;;;;;;;;;;
правовое регулирование доступной среды для инвалидов;;;;;;;;;;;;;;;
доступная среда для инвалидов знаки и указатели;;;;;;;;;;;;;;;
доступная среда до 2025 года;;;;;;;;;;;;;;;
аис доступная среда краснодарский край;;;;;;;;;;;;;;;
доступная среда омск официальный сайт;;;;;;;;;;;;;;;
доступная среда уфа официальный сайт;;;;;;;;;;;;;;;
г владимир товары доступная среда;;;;;;;;;;;;;;;
нормативные документы по доступной среде для инвалидов;;;;;;;;;;;;;;;
доступная среда штрафы;;;;;;;;;;;;;;;
паспорт доступная среда для образовательных учреждений;;;;;;;;;;;;;;;
информационные таблички для инвалидов доступная среда;;;;;;;;;;;;;;;
доступная среда таблички с шрифтом брайля;;;;;;;;;;;;;;;
общество с ограниченной ответственностью доступная среда;;;;;;;;;;;;;;;
доступная среда для инвалидов информация сайт;;;;;;;;;;;;;;;
комплект вызова для мгн доступная среда;;;;;;;;;;;;;;;
доступная среда сенсорная комната;;;;;;;;;;;;;;;
программа доступная среда до 2025 года;;;;;;;;;;;;;;;
программа доступная среда 2020 2025;;;;;;;;;;;;;;;
доступная среда 2020 2025;;;;;;;;;;;;;;;
ввод доступная среда;;;;;;;;;;;;;;;
значок доступная среда;;;;;;;;;;;;;;;
основная цель программы доступная среда;;;;;;;;;;;;;;;
доступная среда сбербанк;;;;;;;;;;;;;;;
мнемосхема доступная среда;;;;;;;;;;;;;;;
ооо центр доступной среды;;;;;;;;;;;;;;;
доступная среда тула официальный сайт;;;;;;;;;;;;;;;
росопека доступная среда для инвалидов официальный сайт;;;;;;;;;;;;;;;
точка доступа доступная среда;;;;;;;;;;;;;;;
школа no 69 доступная среда по тагильски;;;;;;;;;;;;;;;
сайт доступная среда свердловской области;;;;;;;;;;;;;;;
доступная среда свердловской области официальный сайт;;;;;;;;;;;;;;;
доступная среда электроколяски;;;;;;;;;;;;;;;
санатории с доступной средой для инвалидов колясочников;;;;;;;;;;;;;;;
тотальный тест доступная среда 2026;;;;;;;;;;;;;;;
конкурс доступная среда минпросвещение рф;;;;;;;;;;;;;;;
приказ о назначении ответственного по доступной среде;;;;;;;;;;;;;;;
доступная среда сп 59.13330 2020;;;;;;;;;;;;;;;
история развития доступной среды в италии;;;;;;;;;;;;;;;
проблемы формирования доступной среды для инвалидов;;;;;;;;;;;;;;;
доступная среда в китае;;;;;;;;;;;;;;;
отели москва с доступной средой;;;;;;;;;;;;;;;
комплексная программа свердловской области доступная среда;;;;;;;;;;;;;;;
свод правил по доступной среде;;;;;;;;;;;;;;;
доступная среда магазин для слепых;;;;;;;;;;;;;;;
доступная среда красноярск официальный сайт;;;;;;;;;;;;;;;
доступная среда красноярск официальный;;;;;;;;;;;;;;;
тис югра доступная среда;;;;;;;;;;;;;;;
основные компоненты доступной образовательной среды;;;;;;;;;;;;;;;
доступная среда для инвалидов в библиотеке;;;;;;;;;;;;;;;
городской информационно методический центр доступная среда;;;;;;;;;;;;;;;
оценка эффективности реализации программы доступная среда;;;;;;;;;;;;;;;
доступная среда ггнту;;;;;;;;;;;;;;;
доступная среда чебоксары;;;;;;;;;;;;;;;
доступная среда прогресс;;;;;;;;;;;;;;;
доступная среда тыва;;;;;;;;;;;;;;;
доступная среда тольятти вакансии;;;;;;;;;;;;;;;
доступная среда челябинск официальный сайт;;;;;;;;;;;;;;;
доступная среда ярославль;;;;;;;;;;;;;;;
основные элементы доступной среды;;;;;;;;;;;;;;;
доступная среда официальный сайт москва;;;;;;;;;;;;;;;
доступная среда жизнедеятельности инвалидов санкт петербурга;;;;;;;;;;;;;;;
аис доступная среда беларусь вход;;;;;;;;;;;;;;;
доступную среду ударение;;;;;;;;;;;;;;;
доступная среда сайт карта доступности;;;;;;;;;;;;;;;
чек лист по доступной среде;;;;;;;;;;;;;;;
доступная среда для инвалидов оборудование купить екатеринбург;;;;;;;;;;;;;;;
доступная среда 2025 2030;;;;;;;;;;;;;;;
сайт доступная среда пермского края;;;;;;;;;;;;;;;
доступная среда пермский край официальный сайт;;;;;;;;;;;;;;;
доступная среда архангельск;;;;;;;;;;;;;;;
курсы повышения квалификации доступная среда;;;;;;;;;;;;;;;
организация доступной среды представляет собой;;;;;;;;;;;;;;;
доступная среда на леваневского в краснодаре;;;;;;;;;;;;;;;
доступная среда программа статьи;;;;;;;;;;;;;;;
информационное табло для инвалидов доступная среда;;;;;;;;;;;;;;;
программа доступная среда до какого года действует;;;;;;;;;;;;;;;
что значит нуждаемость в условиях доступной среды;;;;;;;;;;;;;;;
ацесо доступная среда;;;;;;;;;;;;;;;
доступная среда краснодар официальный сайт;;;;;;;;;;;;;;;
госпрограмма доступная среда официальный сайт;;;;;;;;;;;;;;;
кузбасский транспортно технологический техникум картинки доступной среды;;;;;;;;;;;;;;;
паспорт доступной среды для инвалидов образец;;;;;;;;;;;;;;;
объекты формирования доступной городской среды спб;;;;;;;;;;;;;;;
выберите правильное определение доступная среда это;;;;;;;;;;;;;;;
доступная среда приморье;;;;;;;;;;;;;;;
презентация программа доступная среда;;;;;;;;;;;;;;;
доступная среда обучение специалистов;;;;;;;;;;;;;;;
ширина желтой ленты по доступной среде;;;;;;;;;;;;;;;
видеопаспорт доступной среды;;;;;;;;;;;;;;;
паспорт государственной программы доступная среда;;;;;;;;;;;;;;;
гранд доступная среда;;;;;;;;;;;;;;;
доступная среда почта россии;;;;;;;;;;;;;;;
голосование за доступную среду г смоленск;;;;;;;;;;;;;;;
наша арктика доступная среда;;;;;;;;;;;;;;;
информация на сайт школы доступная среда;;;;;;;;;;;;;;;
доступная среда нацпроект кратко;;;;;;;;;;;;;;;
доступная среда 2021 2025;;;;;;;;;;;;;;;
программа доступная среда для инвалидов официальный;;;;;;;;;;;;;;;
доступная и безопасная среда это;;;;;;;;;;;;;;;
учимся жить вместе официальный сайт доступная среда;;;;;;;;;;;;;;;
реализация государственной программы доступная среда курсовая работа;;;;;;;;;;;;;;;
основные положения государственной программы доступная среда;;;;;;;;;;;;;;;
проблемы создания доступной среды жизнедеятельности инвалидов;;;;;;;;;;;;;;;